education,education-num
Bachelors,12
Assoc-voc,9
7th-8th,12
HS-grad,2
1st-4th,8
Masters,13
7th-8th,11
Bachelors,8
HS-grad,7
10th,8
11th,8
11th,8
Some-college,8
Some-college,6
HS-grad,9
HS-grad,8
HS-grad,8
Some-college,8
Some-college,12
Bachelors,4
HS-grad,9
,8
Some-college,8
Assoc-acdm,13
12th,12
7th-8th,9
Some-college,8
HS-grad,12
Some-college,9
Bachelors,9
12th,9
Some-college,8
Bachelors,8
12th,15
12th,8
HS-grad,9
HS-grad,11
HS-grad,9
Bachelors,8
HS-grad,8
HS-grad,9
11th,12
10th,9
Bachelors,6
HS-grad,9
HS-grad,10
Some-college,8
Bachelors,8
10th,11
Some-college,12
HS-grad,3
HS-grad,3
HS-grad,12
1st-4th,8
Assoc-voc,13
Masters,6
Some-college,9
Assoc-voc,9
Bachelors,14
Bachelors,12
Some-college,8
Bachelors,3
Some-college,8
HS-grad,12
Some-college,8
11th,8
Bachelors,14
Prof-school,8
11th,8
Some-college,9
Some-college,12
Some-college,12
HS-grad,9
HS-grad,14
Some-college,12
Assoc-acdm,10
Some-college,8
Assoc-voc,10
Some-college,12
Some-college,12
HS-grad,11
HS-grad,14
HS-grad,12
HS-grad,13
Some-college,8
HS-grad,12
Bachelors,8
Some-college,12
Some-college,12
Some-college,8
HS-grad,8
HS-grad,12
Some-college,12
Some-college,9
Bachelors,9
Bachelors,10
11th,8
Bachelors,9
HS-grad,8
HS-grad,8
Assoc-voc,8
Bachelors,4
HS-grad,9
HS-grad,9
HS-grad,8
Some-college,9
Assoc-acdm,6
Some-college,7
Bachelors,13
Bachelors,8
Assoc-voc,2
HS-grad,8
Assoc-acdm,4
Bachelors,8
HS-grad,10
Prof-school,9
Some-college,8
Prof-school,12
Bachelors,8
11th,8
7th-8th,8
HS-grad,12
HS-grad,10
HS-grad,9
HS-grad,8
Prof-school,8
HS-grad,2
HS-grad,8
HS-grad,9
Prof-school,12
HS-grad,11
1st-4th,8
HS-grad,10
Assoc-voc,13
12th,4
HS-grad,8
HS-grad,8
Some-college,12
7th-8th,2
1st-4th,8
Assoc-voc,8
Assoc-voc,12
Doctorate,8
,13
HS-grad,8
HS-grad,8
Masters,8
Some-college,10
Bachelors,9
HS-grad,12
HS-grad,14
HS-grad,12
HS-grad,12
Assoc-acdm,8
HS-grad,9
Bachelors,8
HS-grad,4
Some-college,15
1st-4th,7
12th,8
Assoc-voc,7
Bachelors,9
Assoc-voc,9
10th,8
Some-college,14
12th,15
HS-grad,9
Masters,9
Bachelors,12
Bachelors,9
Some-college,8
5th-6th,3
Assoc-voc,9
HS-grad,12
Assoc-voc,12
HS-grad,8
Bachelors,11
HS-grad,9
HS-grad,8
Doctorate,12
Bachelors,8
10th,12
Bachelors,8
Assoc-voc,9
Some-college,13
Some-college,7
Bachelors,8
HS-grad,10
Some-college,12
11th,8
Some-college,8
10th,9
Masters,9
HS-grad,8
11th,12
Assoc-voc,4
Bachelors,8
Assoc-voc,11
Some-college,10
HS-grad,13
HS-grad,9
Bachelors,7
Some-college,8
Prof-school,8
,9
12th,9
Masters,9
Some-college,5
7th-8th,9
11th,13
Some-college,14
Some-college,2
Some-college,9
HS-grad,5
Bachelors,14
Assoc-voc,14
10th,10
Bachelors,8
11th,12
HS-grad,8
12th,9
HS-grad,7
12th,8
HS-grad,11
HS-grad,9
11th,12
Some-college,7
Prof-school,8
HS-grad,8
Some-college,8
HS-grad,11
HS-grad,6
Bachelors,3
HS-grad,4
Some-college,7
HS-grad,12
9th,6
Some-college,9
1st-4th,6
HS-grad,11
HS-grad,7
HS-grad,12
Some-college,8
Bachelors,7
Bachelors,12
HS-grad,9
HS-grad,12
HS-grad,8
HS-grad,9
Masters,11
Some-college,9
HS-grad,9
Assoc-voc,8
Some-college,13
10th,9
11th,12
7th-8th,8
HS-grad,8
Some-college,11
Bachelors,12
HS-grad,10
HS-grad,9
,7
Some-college,15
Some-college,9
HS-grad,13
Bachelors,13
HS-grad,8
Some-college,8
Some-college,8
7th-8th,9
HS-grad,12
12th,8
1st-4th,9
HS-grad,8
Some-college,8
Some-college,7
10th,8
Some-college,12
Bachelors,15
11th,8
Bachelors,8
Assoc-acdm,8
Some-college,12
10th,8
Some-college,9
Assoc-voc,9
10th,9
1st-4th,9
Prof-school,14
HS-grad,14
Some-college,8
Assoc-voc,12
Some-college,9
HS-grad,7
HS-grad,9
7th-8th,8
Some-college,8
Some-college,6
Some-college,8
HS-grad,11
9th,9
Bachelors,9
HS-grad,8
HS-grad,15
Some-college,4
HS-grad,12
12th,5
Some-college,14
12th,14
Some-college,4
Bachelors,12
Assoc-voc,9
Some-college,12
Assoc-voc,8
HS-grad,12
Bachelors,9
HS-grad,15
Some-college,8
Some-college,9
Some-college,10
Bachelors,12
HS-grad,12
9th,4
Some-college,8
Bachelors,7
Assoc-acdm,9
HS-grad,8
Assoc-acdm,8
5th-6th,8
Assoc-acdm,12
Doctorate,10
,13
Bachelors,12
HS-grad,8
HS-grad,12
Bachelors,11
Some-college,8
HS-grad,12
Masters,3
,2
Masters,10
12th,9
HS-grad,8
12th,12
HS-grad,7
Some-college,12
HS-grad,13
HS-grad,12
Bachelors,12
Bachelors,7
Some-college,8
HS-grad,9
Bachelors,8
HS-grad,8
Masters,8
Some-college,8
Bachelors,8
Bachelors,12
Some-college,14
Assoc-voc,8
10th,9
Bachelors,9
Some-college,8
Some-college,2
Some-college,12
Some-college,8
Some-college,8
HS-grad,8
Bachelors,9
,14
HS-grad,8
Some-college,9
HS-grad,9
HS-grad,9
Assoc-voc,8
HS-grad,8
9th,9
Some-college,9
Bachelors,12
HS-grad,10
HS-grad,12
Bachelors,8
Bachelors,8
1st-4th,9
HS-grad,9
HS-grad,9
Masters,12
Masters,9
9th,8
Masters,8
Some-college,8
HS-grad,8
Assoc-voc,9
HS-grad,8
Bachelors,8
HS-grad,9
HS-grad,10
HS-grad,2
HS-grad,8
Some-college,9
11th,8
Some-college,9
Bachelors,7
Some-college,12
HS-grad,12
5th-6th,7
HS-grad,13
Masters,10
Masters,9
Some-college,13
10th,9
12th,8
Some-college,9
Bachelors,10
HS-grad,8
HS-grad,7
Some-college,8
HS-grad,9
HS-grad,9
Bachelors,8
HS-grad,9
HS-grad,10
Bachelors,7
Assoc-acdm,8
Assoc-voc,12
HS-grad,4
Some-college,8
Some-college,9
Some-college,9
11th,8
Some-college,9
HS-grad,8
HS-grad,9
Bachelors,2
Some-college,10
Bachelors,8
Some-college,12
10th,8
Some-college,8
Some-college,9
,8
Bachelors,10
Some-college,14
HS-grad,9
HS-grad,12
10th,9
Some-college,10
12th,9
Bachelors,8
Bachelors,9
Assoc-voc,10
Assoc-voc,9
HS-grad,8
Masters,9
HS-grad,13
HS-grad,9
Assoc-voc,8
HS-grad,8
HS-grad,12
Bachelors,8
Bachelors,14
HS-grad,8
Bachelors,9
11th,9
Bachelors,7
Masters,8
11th,8
Assoc-acdm,8
Masters,12
Some-college,9
HS-grad,8
HS-grad,8
HS-grad,8
Assoc-voc,8
Bachelors,8
Some-college,7
Bachelors,15
Assoc-voc,15
HS-grad,12
11th,8
Bachelors,8
Doctorate,8
Bachelors,8
HS-grad,9
1st-4th,7
Some-college,9
Some-college,9
7th-8th,15
Some-college,8
Bachelors,6
11th,12
,8
7th-8th,12
HS-grad,5
HS-grad,9
Assoc-voc,9
Bachelors,12
Bachelors,10
HS-grad,9
HS-grad,11
Prof-school,8
Masters,11
Bachelors,8
HS-grad,8
1st-4th,10
Assoc-voc,9
Some-college,8
Bachelors,10
Bachelors,9
Bachelors,4
Masters,12
11th,13
HS-grad,9
Some-college,9
11th,8
Some-college,9
HS-grad,8
Some-college,12
Assoc-voc,3
Assoc-voc,8
Some-college,8
10th,8
HS-grad,8
Masters,3
HS-grad,8
11th,8
Bachelors,12
11th,9
HS-grad,9
Bachelors,7
Bachelors,10
HS-grad,8
HS-grad,8
HS-grad,14
Assoc-acdm,8
HS-grad,12
Some-college,3
HS-grad,9
Some-college,12
HS-grad,9
HS-grad,9
Some-college,9
Some-college,10
HS-grad,8
Bachelors,9
Bachelors,9
Masters,9
Some-college,12
12th,8
Some-college,8
HS-grad,8
Assoc-voc,12
Assoc-voc,11
HS-grad,8
Assoc-voc,13
Some-college,8
Some-college,8
5th-6th,10
HS-grad,8
Bachelors,7
Masters,9
HS-grad,9
Assoc-voc,9
Some-college,14
HS-grad,12
Bachelors,4
Some-college,9
Prof-school,8
12th,8
Some-college,10
Masters,9
Assoc-voc,9
Some-college,7
Some-college,8
HS-grad,4
Bachelors,12
Bachelors,12
Some-college,9
Assoc-acdm,8
Some-college,8
Some-college,8
Bachelors,12
HS-grad,5
Assoc-voc,14
Assoc-voc,12
Some-college,10
Masters,13
HS-grad,8
Assoc-voc,12
HS-grad,10
,8
HS-grad,9
Assoc-voc,8
Some-college,8
Some-college,9
HS-grad,12
HS-grad,8
HS-grad,8
11th,7
HS-grad,8
HS-grad,9
11th,10
HS-grad,3
Masters,12
HS-grad,8
Bachelors,8
Assoc-voc,10
Bachelors,8
12th,9
Some-college,12
Some-college,4
11th,8
Some-college,7
10th,8
HS-grad,12
HS-grad,7
HS-grad,12
HS-grad,9
HS-grad,9
HS-grad,9
Bachelors,8
HS-grad,12
,14
Masters,8
HS-grad,8
10th,13
Some-college,13
Some-college,14
Some-college,10
HS-grad,12
10th,6
HS-grad,2
Some-college,9
HS-grad,8
7th-8th,8
HS-grad,9
11th,3
HS-grad,8
Bachelors,8
Some-college,8
HS-grad,12
11th,12
Bachelors,12
Some-college,8
Some-college,10
Bachelors,8
Assoc-voc,12
Bachelors,12
10th,12
HS-grad,9
HS-grad,9
HS-grad,8
Assoc-acdm,9
Bachelors,6
Bachelors,15
HS-grad,14
Some-college,8
Some-college,12
Some-college,10
Bachelors,5
HS-grad,8
Some-college,8
11th,8
Assoc-voc,15
HS-grad,9
HS-grad,8
HS-grad,12
HS-grad,9
HS-grad,8
Some-college,12
Masters,7
1st-4th,9
11th,12
Some-college,8
HS-grad,8
HS-grad,14
HS-grad,9
HS-grad,12
HS-grad,8
Some-college,10
HS-grad,12
Bachelors,11
HS-grad,6
HS-grad,9
Bachelors,12
Assoc-voc,9
Some-college,8
12th,14
Some-college,10
Assoc-voc,14
HS-grad,8
Some-college,9
Some-college,9
5th-6th,13
HS-grad,8
HS-grad,12
HS-grad,8
HS-grad,14
Some-college,8
10th,9
Bachelors,8
11th,8
Some-college,9
Bachelors,9
Assoc-acdm,14
Prof-school,8
Masters,12
Prof-school,8
HS-grad,12
11th,9
HS-grad,10
Some-college,9
HS-grad,7
Some-college,8
11th,7
Some-college,8
Masters,3
HS-grad,8
Assoc-acdm,8
,9
Some-college,9
9th,7
Assoc-voc,12
HS-grad,8
HS-grad,10
11th,8
Bachelors,12
Assoc-voc,13
Some-college,9
Prof-school,13
Bachelors,12
12th,8
HS-grad,2
Bachelors,9
HS-grad,12
HS-grad,13
Assoc-voc,7
7th-8th,8
Assoc-voc,4
1st-4th,8
Some-college,14
HS-grad,12
Masters,13
Some-college,11
10th,8
Bachelors,12
Assoc-acdm,12
HS-grad,8
HS-grad,6
HS-grad,10
HS-grad,8
Some-college,9
Some-college,9
Some-college,9
Some-college,9
HS-grad,8
HS-grad,10
Doctorate,9
Prof-school,11
5th-6th,9
Bachelors,8
HS-grad,8
HS-grad,12
HS-grad,10
HS-grad,8
Bachelors,12
Bachelors,12
7th-8th,8
Masters,8
Some-college,9
Masters,13
,11
Bachelors,14
,8
HS-grad,11
HS-grad,8
Masters,8
Some-college,9
7th-8th,9
Some-college,12
Bachelors,7
11th,12
Some-college,8
Bachelors,8
11th,12
HS-grad,9
Masters,8
Some-college,10
Masters,9
Masters,8
HS-grad,9
10th,8
HS-grad,8
HS-grad,7
Bachelors,5
Assoc-acdm,9
HS-grad,12
Assoc-voc,8
Some-college,8
Some-college,12
Bachelors,8
10th,8
Masters,8
Bachelors,9
Bachelors,12
HS-grad,9
,9
HS-grad,8
Bachelors,9
HS-grad,12
Some-college,9
Some-college,6
HS-grad,12
Bachelors,9
HS-grad,8
11th,8
HS-grad,9
Some-college,9
HS-grad,5
HS-grad,9
11th,8
11th,7
HS-grad,12
Some-college,12
HS-grad,9
10th,8
Masters,14
HS-grad,9
Assoc-acdm,9
HS-grad,8
Some-college,4
Some-college,2
12th,10
12th,12
Bachelors,6
Some-college,9
Assoc-voc,12
HS-grad,9
HS-grad,10
HS-grad,9
Bachelors,8
Some-college,8
11th,8
Assoc-acdm,12
HS-grad,8
HS-grad,9
HS-grad,9
5th-6th,14
Prof-school,8
Some-college,9
HS-grad,8
Masters,12
HS-grad,2
11th,12
HS-grad,10
Masters,8
Bachelors,8
HS-grad,9
HS-grad,9
HS-grad,8
HS-grad,7
HS-grad,12
Bachelors,8
,12
11th,8
11th,9
HS-grad,12
Some-college,9
HS-grad,12
HS-grad,9
Bachelors,8
Masters,9
HS-grad,8
HS-grad,12
Bachelors,8
11th,9
9th,12
HS-grad,12
HS-grad,12
HS-grad,9
Some-college,2
HS-grad,6
Bachelors,10
Some-college,12
Some-college,10
Some-college,12
1st-4th,8
11th,8
HS-grad,2
11th,8
Bachelors,9
Some-college,12
11th,9
Assoc-voc,8
11th,7
HS-grad,9
Assoc-acdm,9
Some-college,12
Assoc-acdm,13
Bachelors,8
HS-grad,12
Bachelors,9
Assoc-voc,9
Masters,10
Bachelors,9
HS-grad,8
Some-college,15
Bachelors,12
Assoc-voc,13
Assoc-voc,9
HS-grad,10
Bachelors,12
Bachelors,11
HS-grad,8
Bachelors,13
Bachelors,10
Some-college,6
HS-grad,9
HS-grad,12
Some-college,8
11th,10
Bachelors,7
HS-grad,9
11th,2
Some-college,8
9th,8
Some-college,8
Masters,3
Bachelors,15
Bachelors,9
Bachelors,8
Some-college,9
Some-college,12
HS-grad,6
HS-grad,12
Some-college,8
Assoc-voc,13
Bachelors,9
HS-grad,12
HS-grad,15
HS-grad,8
Some-college,12
Bachelors,8
12th,12
Assoc-voc,8
Assoc-acdm,13
Some-college,7
Bachelors,13
,8
11th,12
12th,13
Some-college,9
Masters,11
11th,8
HS-grad,13
7th-8th,7
Some-college,8
HS-grad,9
HS-grad,8
12th,8
Assoc-voc,8
Bachelors,12
Assoc-voc,8
Some-college,15
HS-grad,9
7th-8th,12
11th,8
Some-college,12
Some-college,8
HS-grad,12
HS-grad,6
Bachelors,4
HS-grad,8
12th,6
Some-college,12
Some-college,7
HS-grad,9
HS-grad,12
Some-college,9
Some-college,4
HS-grad,8
HS-grad,9
HS-grad,8
HS-grad,12
HS-grad,12
Some-college,8
HS-grad,8
Some-college,10
HS-grad,9
HS-grad,7
9th,12
Bachelors,12
HS-grad,9
Some-college,12
HS-grad,12
HS-grad,8
9th,8
Some-college,10
HS-grad,14
Bachelors,8
